kind,date,ticker,entry1,entry2,target1,target2,sl,strike,premium,opt_type,dte,moneyness_pct,status,fill_px,days_to_resolve,ret_pct,mtm_pct
stock,2023-06-20,OMER,6.15,5.4,8.0,,4.9,,,,,,LOSS,5.95,25,-25.9,56.0
stock,2023-06-20,PYPL,68.0,65.0,78.0,,63.0,,,,,,LOSS,67.13,32,-6.5,-32.3
stock,2023-06-26,KBR,63.1,60.4,68.0,72.0,58.0,,,,,,LOSS,62.57,70,-7.6,-41.8
stock,2023-06-26,MMSI,82.58,80.0,89.0,94.0,78.0,,,,,,LOSS,82.04,21,-11.6,-13.3
stock,2023-06-28,SYM,40.7,37.0,56.0,,36.0,,,,,,WIN,39.23,22,42.7,8.9
stock,2023-06-28,SMCI,235.0,212.0,258.0,269.0,204.0,,,,,,LOSS,22.33,0,5.7,21.9
stock,2023-06-29,TNP,17.4,16.0,22.0,,14.8,,,,,,UNVERIFIABLE,,,,
stock,2023-06-30,ORCL,119.8,112.0,138.0,,108.0,,,,,,LOSS,119.8,60,-12.5,17.1
stock,2023-06-30,GPK,24.0,22.2,28.0,,20.2,,,,,,LOSS,23.86,79,-15.5,-54.5
stock,2023-06-30,HOLX,81.0,78.0,89.0,,76.0,,,,,,UNVERIFIABLE,,,,
stock,2023-06-30,ERII,28.2,26.4,33.4,,25.4,,,,,,LOSS,28.13,44,-9.8,-68.6
stock,2023-07-06,AAPL,191.1,188.0,202.0,,186.0,,,,,,LOSS,189.84,21,-4.1,62.6
stock,2023-07-06,DTE,111.0,108.0,122.0,,106.0,,,,,,LOSS,111.0,28,-6.0,38.8
stock,2023-07-07,WAB,109.3,106.0,122.0,,104.0,,,,,,LOSS,108.0,63,-5.5,142.8
stock,2023-07-07,SPXC,79.55,74.6,92.0,,72.0,,,,,,WIN,78.71,111,16.9,189.3
stock,2023-07-11,FSS,64.55,62.3,76.0,,61.0,,,,,,LOSS,63.74,16,-4.3,105.7
stock,2023-07-11,STRL,59.0,57.0,71.0,,55.0,,,,,,WIN,58.75,20,20.9,1092.8
stock,2023-07-11,COP,105.0,100.0,122.0,,98.0,,,,,,WIN,105.0,38,16.2,-0.3
stock,2023-07-11,USB,34.8,30.6,44.0,,28.0,,,,,,WIN,34.51,110,27.5,78.9
stock,2023-07-12,ZTS,172.88,166.0,189.0,201.0,162.0,,,,,,WIN,171.95,9,9.9,-56.5
stock,2023-07-13,DUK,92.82,88.0,108.0,,86.0,,,,,,LOSS,92.35,56,-7.5,40.3
stock,2023-07-17,ALK,52.55,48.0,64.0,69.0,46.0,,,,,,LOSS,52.22,21,-13.0,-2.2
stock,2023-07-17,HYZN,1.88,1.45,3.45,,1.3,,,,,,UNVERIFIABLE,,,,
stock,2023-07-18,PARA,15.85,14.2,18.8,,13.8,,,,,,UNVERIFIABLE,,,,
stock,2023-07-18,IPG,40.0,38.0,48.0,,36.0,,,,,,UNVERIFIABLE,,,,
stock,2023-07-18,JPM,154.0,147.0,172.0,,144.0,,,,,,LOSS,153.38,36,-6.3,118.1
stock,2023-07-19,HYZN,1.8,1.4,3.45,,1.3,,,,,,UNVERIFIABLE,,,,
stock,2023-07-24,ORCL,118.4,112.0,138.0,,108.0,,,,,,LOSS,117.94,45,-11.1,18.9
stock,2023-07-24,GIS,77.0,74.0,84.0,,72.0,,,,,,LOSS,77.0,11,-7.3,-51.2
stock,2023-07-24,VZ,34.2,31.0,42.0,,29.0,,,,,,WIN,33.88,126,24.0,25.6
stock,2023-08-11,MS,87.9,85.2,98.0,,83.0,,,,,,LOSS,87.06,7,-4.7,145.7
stock,2023-08-14,NVDA,417.0,390.0,460.0,510.0,380.0,,,,,,LOSS,40.49,0,8.1,381.2
stock,2023-08-16,BSY,47.5,44.0,54.0,,41.0,,,,,,WIN,46.85,39,15.3,-31.1
stock,2023-08-16,PLTR,15.4,13.2,19.0,,12.3,,,,,,WIN,15.21,56,24.9,750.1
stock,2023-08-17,GOOGL,130.0,122.0,149.0,162.0,118.0,,,,,,WIN,129.8,109,14.8,177.3
stock,2023-08-21,NXPI,199.5,178.0,216.0,229.0,172.0,,,,,,LOSS,196.57,49,-13.4,39.1
stock,2023-08-23,AMD,108.0,96.0,125.0,135.0,92.0,,,,,,WIN,105.65,68,18.3,390.1
stock,2023-08-25,CTVA,50.3,48.0,55.0,59.0,46.0,,,,,,LOSS,49.93,53,-10.9,71.8
stock,2023-08-28,NSC,214.0,202.0,234.0,249.0,196.0,,,,,,LOSS,210.05,8,-6.9,53.6
stock,2023-08-28,SYM,39.5,35.0,52.0,63.0,33.0,,,,,,LOSS,37.5,11,-13.6,14.0
stock,2023-08-28,VRRM,19.45,17.5,23.0,,16.0,,,,,,WIN,19.23,80,19.6,-77.6
stock,2023-08-29,SMCI,271.0,242.0,320.0,,228.0,,,,,,LOSS,25.36,0,3.2,7.3
stock,2023-08-30,PYPL,63.1,58.0,72.0,,54.0,,,,,,LOSS,62.38,36,-14.4,-27.1
stock,2023-08-30,AAPL,187.0,174.0,211.0,,168.0,,,,,,LOSS,184.94,40,-9.8,66.9
stock,2023-09-06,CRM,221.0,214.0,234.0,,211.0,,,,,,LOSS,219.47,11,-4.9,-24.3
stock,2023-09-06,MARA,12.15,10.8,17.0,,10.3,,,,,,LOSS,11.87,3,-15.2,4.5
stock,2023-09-07,JNJ,160.0,151.0,184.0,,146.0,,,,,,LOSS,159.14,36,-8.5,65.3
stock,2023-09-07,AAPL,177.0,162.0,193.0,,158.0,,,,,,WIN,175.18,62,10.2,76.2
stock,2023-09-07,BHVN,19.2,16.4,24.0,27.0,15.2,,,,,,WIN,18.55,14,29.4,-14.0
stock,2023-09-11,PEP,179.0,172.0,187.0,194.0,169.0,,,,,,LOSS,176.83,16,-5.2,-18.4
stock,2023-09-12,IWM,185.2,182.0,190.0,,180.0,,,,,,LOSS,184.04,6,-2.3,61.7
stock,2023-09-14,MLI,75.15,68.0,84.0,,73.0,,,,,,LOSS,18.39,0,1.5,207.2
stock,2023-09-14,SONY,86.5,83.0,96.0,,81.0,,,,,,LOSS,17.19,0,0.7,21.0
stock,2023-09-14,CNI,115.0,108.0,128.0,,106.0,,,,,,LOSS,112.48,24,-6.3,8.1
stock,2023-10-02,AMZN,129.0,124.0,138.0,,121.0,,,,,,LOSS,127.28,18,-6.1,90.7
stock,2023-10-02,AAPL,173.5,166.0,189.0,,164.0,,,,,,WIN,171.22,32,10.4,80.3
stock,2023-10-02,SCO,17.0,15.8,21.0,,15.2,,,,,,NEVER_FILLED,,,,
stock,2023-10-04,LUXH,4.9,4.1,6.8,,3.9,,,,,,UNVERIFIABLE,,,,
stock,2023-10-04,VIRC,6.8,5.7,10.4,,5.4,,,,,,WIN,6.64,51,56.6,-4.7
stock,2023-10-05,GRPN,14.0,12.2,19.0,,11.8,,,,,,LOSS,14.0,3,-29.4,82.7
stock,2023-10-05,NVDA,446.0,429.0,466.0,488.0,422.0,,,,,,LOSS,44.05,0,1.4,342.3
stock,2023-10-09,EXC,38.4,36.0,42.0,45.0,35.0,,,,,,LOSS,38.1,49,-9.6,25.7
stock,2023-10-09,CPER,22.6,21.8,23.5,25.0,21.3,,,,,,WIN,22.55,30,4.2,65.4
stock,2023-10-10,BA,191.0,178.0,216.0,228.0,172.0,,,,,,WIN,190.01,29,13.7,19.2
stock,2023-10-20,HMY,5.0,4.4,6.9,,4.2,,,,,,WIN,4.86,92,42.0,231.1
stock,2023-10-20,DIA,332.5,328.0,338.0,340.0,326.0,,,,,,LOSS,332.5,5,-2.5,58.8
stock,2023-10-23,EDU,61.0,57.0,70.0,75.0,55.0,,,,,,WIN,59.16,16,18.3,-20.5
stock,2023-10-25,VFC,18.2,15.3,24.0,27.0,14.4,,,,,,LOSS,17.81,5,-26.4,-8.5
stock,2023-10-30,AAPL,170.5,162.0,184.0,193.0,158.0,,,,,,WIN,169.02,8,8.9,82.6
stock,2023-10-31,SMCI,238.0,215.0,259.0,268.0,211.0,,,,,,LOSS,23.64,0,1.3,15.2
stock,2023-11-01,VIRC,6.3,5.7,10.4,,5.4,,,,,,WIN,6.1,31,70.5,3.8
stock,2023-11-02,UCO,33.0,30.0,38.0,,28.0,,,,,,LOSS,31.99,10,-14.7,1.2
stock,2023-11-06,DIA,340.8,,346.0,,337.0,,,,,,WIN,340.8,6,1.5,54.9
stock,2023-11-10,NXPI,181.0,174.0,216.0,229.0,166.0,,,,,,WIN,181.0,19,19.3,51.0
stock,2023-11-14,TMHC,45.5,40.0,51.0,56.0,38.0,,,,,,WIN,44.54,21,14.5,61.3
stock,2023-11-15,U,30.0,26.0,36.0,42.0,23.3,,,,,,WIN,29.3,20,22.9,0.1
stock,2023-11-16,LNG,171.0,162.0,185.0,198.0,158.0,,,,,,LOSS,171.0,57,-7.6,43.8
stock,2023-11-16,CAVA,34.2,29.0,44.0,51.0,27.0,,,,,,WIN,33.72,26,30.5,128.0
stock,2023-11-17,SMCI,292.0,276.0,311.0,319.0,268.0,,,,,,LOSS,28.5,0,1.3,-4.5
stock,2023-11-17,PBR,16.0,14.9,19.2,21.5,13.8,,,,,,LOSS,15.7,143,-13.4,2.6
stock,2023-11-17,IWM,178.0,174.0,185.0,192.0,172.0,,,,,,WIN,177.45,9,4.3,67.7
stock,2023-11-20,CELH,53.2,47.0,66.0,72.0,43.0,,,,,,WIN,49.86,65,32.4,-33.5
stock,2023-11-21,VZ,37.2,34.5,44.0,47.0,33.0,,,,,,WIN,36.86,203,19.4,15.5
stock,2023-11-21,BABA,78.5,74.0,88.0,92.0,71.0,,,,,,LOSS,77.85,36,-10.8,23.5
stock,2023-11-22,BRCC,3.9,3.2,5.4,6.5,2.9,,,,,,WIN,3.9,115,38.5,-69.0
stock,2023-11-24,MARA,11.3,9.7,14.9,16.8,9.4,,,,,,WIN,11.04,6,35.0,12.3
stock,2023-11-27,ZM,65.3,60.0,74.0,79.0,57.0,,,,,,WIN,64.39,20,14.9,35.3
stock,2023-11-29,NCLH,14.9,13.0,17.0,18.9,11.4,,,,,,WIN,14.67,3,15.9,34.8
stock,2023-11-30,JNJ,154.5,147.0,165.0,173.0,144.0,,,,,,WIN,152.26,169,8.4,72.8
stock,2023-12-01,AXP,171.5,164.0,184.0,191.0,161.0,,,,,,WIN,170.67,12,7.8,106.2
stock,2023-12-01,CSCO,48.3,45.0,55.0,58.0,43.0,,,,,,WIN,48.28,219,13.9,133.4
stock,2023-12-04,MMYT,45.1,40.9,51.0,56.0,38.0,,,,,,WIN,42.41,37,20.3,37.4
stock,2023-12-04,KBR,53.1,49.3,58.0,,47.0,,,,,,WIN,52.5,52,10.5,-30.6
stock,2023-12-06,CAT,259.5,252.0,275.0,284.0,248.0,,,,,,WIN,256.8,6,7.1,275.2
stock,2023-12-06,NIO,8.0,7.35,9.5,10.4,6.9,,,,,,WIN,7.65,15,24.2,-37.4
stock,2023-12-06,STRL,68.8,62.5,74.0,79.0,59.8,,,,,,WIN,66.73,5,10.9,950.1
stock,2023-12-07,MMYT,44.3,41.8,49.0,,40.0,,,,,,WIN,43.41,27,12.9,34.2
stock,2023-12-07,SJM,120.7,112.0,129.0,136.0,108.0,,,,,,WIN,118.0,16,9.3,-1.5
stock,2023-12-08,JBL,118.0,110.0,129.0,136.0,106.0,,,,,,WIN,116.38,4,10.8,193.3
stock,2023-12-14,LPG,40.2,37.0,51.0,54.0,35.0,,,,,,LOSS,39.67,34,-11.9,-9.2
stock,2023-12-14,MHO,120.5,114.0,135.0,139.0,111.0,,,,,,WIN,117.26,7,15.1,33.8
stock,2023-12-14,TOL,104.9,98.0,118.0,124.0,96.0,,,,,,LOSS,99.18,26,-3.2,58.4
stock,2023-12-15,SYM,53.5,50.1,64.0,70.0,47.0,,,,,,LOSS,50.49,11,-7.9,-15.3
stock,2023-12-15,ORCL,101.9,94.0,113.0,118.0,91.0,,,,,,WIN,99.69,25,13.4,40.7
stock,2023-12-19,MLI,46.4,42.0,51.0,54.0,39.4,,,,,,LOSS,22.71,0,2.8,148.8
stock,2023-12-19,GOTU,3.85,2.9,5.6,6.8,2.6,,,,,,WIN,3.61,45,55.1,-51.5
stock,2023-12-20,CVNA,61.3,56.0,74.0,83.0,54.0,,,,,,LOSS,11.82,0,-6.2,480.3
stock,2023-12-20,GMS,83.5,76.0,92.0,98.0,73.0,,,,,,UNVERIFIABLE,,,,
stock,2023-12-21,SXI,152.5,146.0,166.0,172.0,142.0,,,,,,LOSS,152.5,9,-7.2,115.0
stock,2023-12-21,CHWY,24.1,19.9,29.0,31.5,18.0,,,,,,LOSS,24.02,26,-25.8,-13.2
stock,2023-12-22,GNE,29.9,25.9,34.0,38.0,24.0,,,,,,LOSS,29.13,11,-18.6,-49.8
stock,2023-12-26,FDX,252.1,242.0,268.0,274.0,238.0,,,,,,LOSS,201.45,0,0.8,55.4
stock,2023-12-26,BIRK,47.25,44.0,54.0,58.0,42.0,,,,,,WIN,46.5,39,16.1,-1.1
stock,2023-12-27,DRCT,14.1,11.6,19.0,21.0,11.0,,,,,,NEVER_FILLED,,,,
stock,2023-12-28,AAL,14.0,13.4,15.0,16.5,13.0,,,,,,LOSS,13.92,3,-7.0,28.7
stock,2023-12-28,MTCH,36.5,34.0,40.0,44.0,32.0,,,,,,WIN,35.81,7,11.7,5.8
stock,2024-01-02,AMC,6.2,5.65,8.3,,5.4,,,,,,LOSS,6.09,2,-13.0,-69.0
stock,2024-01-04,PLTR,16.5,15.0,19.0,,13.0,,,,,,WIN,16.05,22,18.4,705.6
stock,2024-01-05,TQQQ,46.0,44.0,52.0,55.0,42.0,,,,,,LOSS,22.93,0,0.3,219.9
stock,2024-01-08,JBL,128.5,122.0,141.0,147.0,118.0,,,,,,WIN,127.41,24,10.7,167.9
stock,2024-01-10,MARA,26.75,22.0,34.0,38.0,20.0,,,,,,LOSS,24.79,2,-23.4,-50.0
stock,2024-01-23,UP,3.95,3.0,5.8,6.8,2.8,,,,,,UNVERIFIABLE,,,,
stock,2024-01-26,MRK,120.8,116.0,129.0,,114.0,,,,,,WIN,120.51,16,7.0,7.5
stock,2024-01-26,T,17.25,16.0,19.5,,14.8,,,,,,WIN,17.15,124,13.7,20.0
stock,2024-01-29,MARA,18.5,14.9,26.0,32.0,14.0,,,,,,WIN,17.96,10,44.8,-31.0
stock,2024-01-29,SYM,43.0,37.0,51.0,64.0,35.0,,,,,,WIN,41.15,5,23.9,3.9
stock,2024-01-30,MUR,39.4,35.9,44.0,47.0,35.0,,,,,,WIN,38.48,34,14.3,-17.2
stock,2024-02-02,AMD,178.1,164.0,192.0,200.0,161.0,,,,,,WIN,173.79,18,10.5,198.0
stock,2024-02-02,PLTR,16.5,15.0,19.0,21.0,13.0,,,,,,WIN,16.34,2,16.3,691.3
stock,2024-02-05,MCHP,85.8,81.0,92.0,97.0,79.0,,,,,,WIN,85.07,22,8.1,-0.5
stock,2024-02-09,ZI,15.5,14.0,19.0,,13.2,,,,,,UNVERIFIABLE,,,,
stock,2024-02-12,CGNX,37.2,33.8,44.0,47.0,32.0,,,,,,WIN,36.52,56,20.5,85.7
stock,2024-02-13,TRMB,56.0,51.0,66.0,,49.0,,,,,,WIN,54.75,185,20.5,-3.1
stock,2024-02-14,PLUS,77.5,65.0,100.0,,62.0,,,,,,WIN,74.98,150,33.4,7.8
stock,2024-02-16,AMZN,169.0,158.0,185.0,199.0,154.0,,,,,,WIN,168.74,32,9.6,43.8
stock,2024-02-16,FIS,63.9,61.0,70.0,74.0,58.0,,,,,,WIN,63.39,11,10.4,-34.1
stock,2024-02-21,AAPL,182.5,176.0,192.0,199.0,172.0,,,,,,LOSS,181.94,9,-6.5,69.6
stock,2024-02-21,CHK,82.5,75.0,92.0,97.0,72.0,,,,,,UNVERIFIABLE,,,,
stock,2024-02-21,CCK,74.9,68.0,84.0,92.0,66.0,,,,,,WIN,73.03,48,15.0,55.1
stock,2024-02-22,SKWD,35.0,30.0,40.0,44.0,28.0,,,,,,WIN,34.86,100,14.7,76.2
stock,2024-02-23,CHCO,101.0,96.0,112.0,,94.0,,,,,,WIN,100.12,97,11.9,34.7
stock,2024-02-26,PCVX,78.4,71.0,92.0,,69.0,,,,,,LOSS,76.77,15,-11.4,-23.9
stock,2024-02-27,FMC,53.0,48.0,66.0,,46.0,,,,,,WIN,53.0,11,24.5,-78.6
stock,2024-02-28,AGL,6.45,5.7,11.4,,5.3,,,,,,UNVERIFIABLE,,,,
stock,2024-02-28,VTEX,8.4,6.9,11.4,13.0,6.4,,,,,,LOSS,8.4,104,-24.6,-50.7
stock,2024-03-01,TBLA,4.4,3.7,6.6,,3.4,,,,,,LOSS,4.33,76,-21.9,18.7
stock,2024-03-07,GDOT,8.3,7.2,12.0,,6.8,,,,,,WIN,8.25,133,45.5,61.8
stock,2024-03-12,AMD,200.0,188.0,244.0,,181.0,,,,,,LOSS,200.0,6,-10.1,158.9
stock,2024-03-12,HWM,65.6,61.0,74.0,79.0,58.0,,,,,,WIN,65.05,36,13.8,315.7
stock,2024-03-15,MOD,87.0,78.0,108.0,,74.0,,,,,,WIN,84.65,38,27.6,172.9
stock,2024-03-15,IWM,202.2,196.0,210.0,216.0,192.0,,,,,,WIN,201.25,9,4.3,47.9
stock,2024-03-22,QQQ,445.0,440.0,456.0,,437.0,,,,,,LOSS,445.0,8,-2.2,60.1
stock,2024-03-26,BHVN,57.0,54.0,69.0,76.0,52.0,,,,,,LOSS,57.0,4,-10.9,-72.0
stock,2024-04-01,NVDA,918.0,860.0,1100.0,,840.0,,,,,,LOSS,90.3,0,0.1,115.8
stock,2024-04-02,SPY,517.8,514.0,524.0,,511.0,,,,,,LOSS,517.8,8,-1.3,43.8
stock,2024-04-03,BTCO,66.3,60.0,88.0,98.0,58.0,,,,,,LOSS,65.84,20,-13.6,-7.1
stock,2024-04-05,AGAIN,516.0,511.0,524.0,,508.0,,,,,,UNVERIFIABLE,,,,
stock,2024-04-05,DIA,389.0,384.0,399.0,,382.0,,,,,,LOSS,386.35,5,-1.7,36.6
stock,2024-04-12,DIA,381.5,376.0,386.0,391.0,374.0,,,,,,WIN,381.5,15,1.2,38.4
stock,2024-04-22,IWM,195.3,190.0,202.0,,188.0,,,,,,WIN,194.21,9,4.0,53.2
stock,2024-04-23,W,57.5,53.0,72.0,,51.0,,,,,,LOSS,54.55,2,-6.6,73.2
stock,2024-04-26,NFLX,561.0,538.0,611.0,,532.0,,,,,,LOSS,55.82,0,0.5,39.1
stock,2024-04-26,MU,113.5,104.0,129.0,,100.0,,,,,,WIN,112.0,14,15.2,771.0
stock,2024-05-09,MSFT,411.5,392.0,430.0,,386.0,,,,,,WIN,410.57,8,4.7,-4.9
stock,2024-05-10,CSCO,48.0,46.0,52.0,,44.0,,,,,,WIN,48.0,91,8.3,134.8
stock,2024-05-20,APA,31.0,29.0,36.0,40.0,27.0,,,,,,LOSS,30.98,72,-13.7,4.5
stock,2024-05-24,PLTR,21.0,18.0,26.0,,16.0,,,,,,WIN,20.72,16,25.5,524.0
stock,2024-05-24,JPM,199.8,192.0,214.0,,188.0,,,,,,WIN,197.75,35,8.2,69.1
stock,2024-05-30,EXPD,120.0,115.0,135.0,,113.0,,,,,,LOSS,118.51,141,-4.9,41.4
stock,2024-05-31,FSS,90.5,86.0,100.0,,84.0,,,,,,LOSS,88.3,10,-5.1,48.5
stock,2024-06-05,ACHC,71.1,66.0,84.0,,63.0,,,,,,LOSS,70.37,81,-11.3,-54.7
stock,2024-06-05,DIA,387.0,380.0,400.0,,378.0,,,,,,WIN,387.0,25,3.4,36.4
stock,2024-06-14,GOOGL,176.7,168.0,192.0,,166.0,,,,,,LOSS,174.22,34,-8.6,106.6
stock,2024-06-17,CL,96.2,90.0,103.0,108.0,88.0,,,,,,WIN,94.53,32,9.0,0.6
stock,2024-06-17,AJG,260.5,236.0,298.0,,232.0,,,,,,WIN,257.64,54,15.7,-2.0
stock,2024-06-18,MMC,211.5,205.0,225.0,,202.0,,,,,,UNVERIFIABLE,,,,
stock,2024-06-20,CTSH,67.8,62.0,77.0,84.0,60.0,,,,,,WIN,67.56,19,14.0,-37.8
stock,2024-06-20,SIL,32.7,29.0,38.0,,27.0,,,,,,WIN,32.0,84,18.8,150.6
stock,2024-06-20,ABT,105.0,98.0,115.0,122.0,96.0,,,,,,WIN,103.53,52,11.1,-7.9
stock,2024-06-21,AMD,161.0,152.0,175.0,190.0,148.0,,,,,,WIN,161.0,10,8.7,221.6
stock,2024-06-24,USB,40.5,38.0,46.0,,36.0,,,,,,WIN,39.89,46,15.3,54.8
stock,2024-06-25,MSTR,1428.0,1320.0,1725.0,,1270.0,,,,,,LOSS,141.38,0,5.8,-28.7
stock,2024-06-26,SPY,544.7,538.0,555.0,560.0,536.0,,,,,,WIN,543.69,6,2.1,37.0
stock,2024-07-01,MS,99.1,93.0,112.0,,90.0,,,,,,WIN,97.52,73,14.8,119.4
stock,2024-07-01,WGMI,23.0,19.0,28.0,,19.0,,,,,,LOSS,21.63,23,-14.5,145.9
stock,2024-07-02,C,64.1,61.0,70.0,,59.0,,,,,,LOSS,63.29,22,-7.2,121.2
stock,2024-07-08,CONL,43.5,40.0,60.0,,38.0,,,,,,WIN,43.5,10,37.9,-87.6
stock,2024-07-09,MU,134.1,124.0,160.0,,122.0,,,,,,LOSS,131.75,6,-9.3,640.5
stock,2024-07-12,TQQQ,82.4,78.0,91.0,99.0,76.0,,,,,,LOSS,39.76,0,1.4,84.5
stock,2024-07-16,WBA,11.8,10.0,16.0,21.0,9.0,,,,,,UNVERIFIABLE,,,,
stock,2024-07-18,QQQ,477.0,,500.0,,474.0,,,,,,LOSS,477.0,4,-2.9,49.4
stock,2024-07-31,WWW,14.75,12.0,22.0,,11.0,,,,,,WIN,14.75,71,49.2,12.1
stock,2024-08-08,PPC,44.5,39.0,66.0,,38.0,,,,,,LOSS,43.98,292,-13.6,-34.6
stock,2024-08-09,ARCO,9.8,9.0,12.0,,9.4,,,,,,LOSS,9.6,5,-3.4,-14.3
stock,2024-08-15,JBL,108.0,102.0,122.0,,100.0,,,,,,WIN,105.11,29,16.1,224.7
stock,2024-08-20,BBIO,25.0,23.0,30.0,,22.0,,,,,,WIN,24.9,9,20.5,210.0
stock,2024-09-04,AON,348.0,320.0,425.0,,310.0,,,,,,LOSS,347.31,360,-10.8,2.9
stock,2024-09-06,CAG,32.6,29.0,40.0,,27.0,,,,,,LOSS,32.5,50,-17.8,-55.9
stock,2024-09-18,LW,66.5,61.0,78.0,,59.0,,,,,,WIN,65.74,22,18.6,-30.2
stock,2024-09-18,USLM,87.5,82.0,113.0,,80.0,,,,,,WIN,87.24,31,29.5,23.2
stock,2024-09-19,SHOP,78.0,72.0,94.0,,70.0,,,,,,WIN,77.4,38,21.4,54.3
stock,2024-09-20,JPM,209.9,205.0,224.0,,203.0,,,,,,WIN,209.9,15,6.7,59.3
stock,2024-09-25,GWRE,176.5,161.0,220.0,,157.0,,,,,,WIN,175.98,172,25.0,-23.6
stock,2024-10-04,AJG,286.5,277.0,320.0,,274.0,,,,,,WIN,286.07,84,11.9,-11.8
stock,2024-10-04,MPC,172.9,165.0,200.0,,163.0,,,,,,LOSS,172.9,2,-7.5,54.0
stock,2024-10-04,BRK.B,459.0,447.0,482.0,,444.0,,,,,,LOSS,455.01,21,-2.8,11.6
stock,2024-10-11,SPY,578.0,570.0,600.0,,568.0,,,,,,WIN,576.05,21,4.2,29.3
stock,2024-11-05,MSFT,412.0,405.0,435.0,,403.0,,,,,,WIN,408.37,20,6.5,-4.4
stock,2024-11-06,EA,158.3,151.0,180.0,,148.0,,,,,,LOSS,157.77,30,-6.3,30.1
stock,2024-11-07,AAPL,225.1,219.0,240.0,,217.0,,,,,,WIN,224.63,16,6.8,37.4
stock,2024-11-07,SOXL,35.9,30.0,50.0,58.0,28.0,,,,,,LOSS,35.77,6,-25.5,407.3
stock,2024-11-18,ASTS,26.35,22.0,42.0,,18.0,,,,,,LOSS,24.34,47,-27.2,249.8
stock,2024-11-29,MSTR,408.0,355.0,540.0,,340.0,,,,,,LOSS,405.75,14,-19.5,-75.2
stock,2024-12-04,MU,101.0,92.0,122.0,,90.0,,,,,,LOSS,100.77,11,-13.6,868.1
stock,2025-01-02,IWM,222.8,215.0,235.0,,213.0,,,,,,LOSS,222.8,37,-4.7,33.6
stock,2025-01-02,INTJ,1.22,0.95,2.0,,0.85,,,,,,UNVERIFIABLE,,,,
stock,2025-01-03,PLTR,77.85,71.0,100.0,,68.0,,,,,,LOSS,75.39,4,-10.8,71.5
stock,2025-01-03,LUNR,21.7,17.0,34.0,,15.0,,,,,,LOSS,19.45,36,-26.0,0.7
stock,2025-01-07,SPY,592.0,586.0,605.0,,584.0,,,,,,LOSS,592.0,2,-1.9,25.8
stock,2025-01-24,SPY,609.75,606.0,615.0,,604.0,,,,,,LOSS,609.75,1,-1.7,22.1
stock,2025-01-29,GOOGL,196.5,,220.0,,186.0,,,,,,LOSS,195.56,7,-5.2,84.0
stock,2025-02-03,DIA,444.52,440.0,452.0,,439.0,,,,,,LOSS,439.61,13,-1.2,20.1
stock,2025-02-12,TCOM,67.85,60.0,84.0,,58.0,,,,,,LOSS,66.25,8,-13.5,-38.1
stock,2025-02-14,ETHU,4.68,3.5,8.0,,3.2,,,,,,NEVER_FILLED,,,,
stock,2025-02-21,PEP,151.25,145.0,162.0,,143.0,,,,,,LOSS,149.99,32,-6.5,-3.8
stock,2025-02-24,EA,133.5,120.0,158.0,,116.0,,,,,,WIN,131.13,51,20.5,56.5
stock,2025-02-27,JXN,89.3,81.0,102.0,,79.0,,,,,,LOSS,87.94,25,-13.6,18.8
stock,2025-03-03,BUD,61.22,52.0,80.0,,50.0,,,,,,WIN,60.93,239,31.3,33.5
stock,2025-03-10,QQQ,473.5,465.0,490.0,,463.0,,,,,,WIN,473.5,10,3.5,50.5
stock,2025-03-11,AMZN,196.4,188.0,218.0,,186.0,,,,,,LOSS,193.9,17,-8.0,25.2
stock,2025-03-12,META,623.0,611.0,650.0,,608.0,,,,,,LOSS,623.0,1,-5.2,-6.4
stock,2025-03-17,V,334.7,324.0,360.0,,320.0,,,,,,LOSS,330.03,14,-5.1,9.7
stock,2025-03-18,MNST,56.9,50.0,66.0,,48.0,,,,,,WIN,56.09,99,17.7,74.0
stock,2025-03-25,CAT,344.0,315.0,400.0,,310.0,,,,,,LOSS,343.58,7,-11.0,180.4
stock,2025-03-26,LMT,449.3,420.0,520.0,,408.0,,,,,,WIN,444.28,196,17.0,22.9
stock,2025-03-26,HD,362.0,340.0,420.0,,330.0,,,,,,WIN,360.39,112,16.5,-0.7
stock,2025-04-09,MSFT,363.9,335.0,400.0,,325.0,,,,,,WIN,353.54,15,13.1,10.5
stock,2025-04-09,FANG,119.0,104.0,155.0,,100.0,,,,,,WIN,115.83,45,33.8,48.5
stock,2025-04-17,NVDA,101.6,94.0,115.0,,92.0,,,,,,WIN,101.6,10,13.2,91.8
stock,2025-04-25,BOIL,48.8,44.0,65.0,,42.0,,,,,,NEVER_FILLED,,,,
stock,2025-04-29,HON,210.5,196.0,240.0,260.0,192.0,,,,,,WIN,205.06,190,17.0,12.1
stock,2025-05-01,ACN,303.0,280.0,340.0,380.0,272.0,,,,,,LOSS,300.81,62,-11.2,-54.3
stock,2025-05-06,HOOD,47.9,42.0,65.0,,40.0,,,,,,WIN,46.33,10,40.3,143.3
stock,2025-05-09,TEAM,206.0,195.0,244.0,,190.0,,,,,,LOSS,206.0,28,-8.0,-59.3
stock,2025-05-16,LLY,751.0,690.0,880.0,,680.0,,,,,,LOSS,740.0,56,-13.4,64.0
stock,2025-05-16,UNH,288.0,240.0,420.0,,220.0,,,,,,WIN,279.29,278,50.4,52.3
stock,2025-06-03,MSTR,386.0,350.0,480.0,,330.0,,,,,,LOSS,379.4,64,-13.7,-73.4
stock,2025-06-04,BULL,11.15,10.2,13.0,15.0,9.8,,,,,,UNVERIFIABLE,,,,
stock,2025-06-09,ODC,57.0,48.0,75.0,,46.0,,,,,,WIN,55.46,221,35.2,80.9
stock,2025-06-11,ACHR,11.63,9.8,14.0,18.8,9.4,,,,,,LOSS,11.63,47,-20.1,-57.2
stock,2025-06-16,LGCY,9.75,8.6,13.0,,8.2,,,,,,WIN,9.21,50,41.2,26.9
stock,2025-06-30,MA,559.0,525.0,600.0,630.0,515.0,,,,,,WIN,552.5,38,8.6,-2.4
stock,2025-06-30,DOCU,77.5,62.0,100.0,120.0,58.0,,,,,,LOSS,77.05,139,-26.4,-40.6
stock,2025-07-07,HSBC,61.27,58.0,70.0,,56.0,,,,,,WIN,61.16,54,14.5,58.2
stock,2025-07-07,DASH,243.9,225.0,280.0,320.0,221.0,,,,,,WIN,239.34,64,17.0,-19.8
stock,2025-07-17,IVZ,17.17,15.3,22.0,,14.9,,,,,,WIN,16.85,29,30.6,60.3
stock,2025-07-21,ZETA,16.0,14.0,22.0,,13.0,,,,,,WIN,16.0,44,37.5,29.4
stock,2025-07-21,BLOK,62.57,55.0,78.0,88.0,53.0,,,,,,LOSS,61.89,138,-18.9,-0.5
stock,2025-07-21,WELL,160.7,152.0,175.0,195.0,148.0,,,,,,WIN,158.8,48,10.2,48.7
stock,2025-07-23,ROBT,50.75,47.0,66.0,,45.0,,,,,,LOSS,50.57,171,-11.6,11.2
stock,2025-07-23,IYR,97.0,88.0,120.0,,86.0,,,,,,OPEN,97.0,,7.2,7.2
stock,2025-07-24,CSL,428.0,400.0,500.0,,390.0,,,,,,LOSS,425.08,5,-16.6,-13.7
stock,2025-07-31,MO,61.85,54.0,75.0,,52.0,,,,,,OPEN,61.21,,18.8,18.8
stock,2025-08-01,TQQQ,83.15,81.0,88.0,,80.0,,,,,,LOSS,42.62,0,-2.7,72.1
stock,2025-08-05,PHO,70.9,66.0,88.0,,64.0,,,,,,OPEN,70.73,,-1.5,-1.5
stock,2025-08-05,QQQ,562.6,557.0,575.0,,555.0,,,,,,WIN,562.6,4,2.2,26.7
stock,2025-08-06,PGR,245.0,220.0,300.0,345.0,210.0,,,,,,LOSS,244.5,59,-14.9,-5.0
stock,2025-08-07,INCY,77.3,70.0,100.0,,66.0,,,,,,WIN,77.3,61,29.4,51.2
stock,2025-08-11,PFE,24.77,23.0,30.0,33.0,22.0,,,,,,OPEN,24.6,,-1.1,-1.1
stock,2025-08-11,TQQQ,92.7,88.0,100.0,,86.0,,,,,,LOSS,46.12,0,-1.0,59.1
stock,2025-08-12,IAI,176.5,165.0,210.0,,162.0,,,,,,LOSS,176.25,146,-8.4,4.6
stock,2025-08-21,MRK,87.0,77.0,110.0,,75.0,,,,,,WIN,84.88,94,29.6,52.6
stock,2025-08-22,WFC,78.3,75.0,84.0,,73.0,,,,,,WIN,78.3,19,7.3,9.2
stock,2025-08-22,LYB,58.2,52.0,78.0,,50.0,,,,,,LOSS,55.8,23,-12.2,-4.4
stock,2025-08-26,CPSH,3.55,,5.0,,3.0,,,,,,WIN,3.55,98,40.8,42.3
stock,2025-08-26,PLTR,161.0,150.0,200.0,,146.0,,,,,,WIN,155.39,47,28.7,-16.8
stock,2025-08-28,ORCL,240.0,225.0,300.0,,220.0,,,,,,WIN,235.54,8,27.4,-40.4
stock,2025-09-02,VDE,126.8,119.0,150.0,,117.0,,,,,,WIN,126.42,109,18.7,19.0
stock,2025-09-03,RIOT,14.3,11.0,24.0,,10.0,,,,,,WIN,14.24,170,68.5,55.3
stock,2025-09-03,SPY,643.0,636.0,652.0,,634.0,,,,,,WIN,642.67,2,1.5,15.9
stock,2025-09-04,DELL,126.1,115.0,150.0,,112.0,,,,,,WIN,124.03,20,20.9,217.9
stock,2025-09-04,TXN,188.0,178.0,220.0,,174.0,,,,,,LOSS,183.76,26,-6.6,59.5
stock,2025-09-05,CRM,249.7,235.0,280.0,,228.0,,,,,,LOSS,244.83,53,-6.9,-32.2
stock,2025-09-05,HOOD,99.7,92.0,120.0,135.0,88.0,,,,,,WIN,99.7,3,20.4,13.1
stock,2025-09-09,KWEB,40.1,,55.0,,36.0,,,,,,LOSS,39.54,70,-9.3,-36.8
stock,2025-09-11,GNRC,183.5,172.0,225.0,,168.0,,,,,,LOSS,183.5,5,-9.1,37.7
stock,2025-09-12,BIIB,149.4,130.0,220.0,,124.0,,,,,,OPEN,148.08,,45.9,45.9
stock,2025-09-16,CENX,25.9,23.0,33.0,38.0,21.0,,,,,,WIN,25.9,19,27.4,69.0
stock,2025-09-19,ROOT,102.5,92.0,130.0,,88.0,,,,,,LOSS,100.97,10,-14.1,-38.9
stock,2025-09-22,MYRG,188.0,165.0,220.0,240.0,160.0,,,,,,WIN,178.16,24,23.5,143.0
stock,2025-09-26,ETHA,30.4,25.0,40.0,,23.0,,,,,,LOSS,29.63,36,-23.4,-56.6
stock,2025-09-26,AMZN,220.0,205.0,250.0,,200.0,,,,,,WIN,219.08,25,14.1,10.8
stock,2025-09-29,DDOG,141.55,124.0,160.0,180.0,119.0,,,,,,WIN,140.17,7,14.1,85.7
stock,2025-09-29,AVAV,316.0,270.0,420.0,,260.0,,,,,,LOSS,310.42,44,-17.0,-38.5
stock,2025-09-30,NBIS,112.5,96.0,140.0,170.0,92.0,,,,,,WIN,112.5,8,24.4,91.7
stock,2025-10-10,U,39.6,35.0,55.0,,33.0,,,,,,LOSS,39.16,76,-25.7,-25.1
stock,2025-10-10,TQQQ,102.5,94.0,122.0,,92.0,,,,,,LOSS,54.37,0,-10.7,34.9
stock,2025-10-15,LGCY,9.8,9.0,14.0,18.0,8.7,,,,,,LOSS,9.47,14,-8.6,23.4
stock,2025-10-15,AHR,42.4,40.0,54.0,,38.0,,,,,,WIN,41.49,92,30.2,32.7
stock,2025-10-16,STX,230.0,195.0,300.0,,185.0,,,,,,WIN,224.15,38,33.8,265.9
stock,2025-10-23,IONQ,61.0,50.0,85.0,,48.0,,,,,,LOSS,61.0,15,-25.6,-19.5
stock,2025-10-23,SCCO,129.8,122.0,148.0,,123.0,,,,,,LOSS,127.66,18,-4.5,34.7
stock,2025-10-30,EQIX,841.0,780.0,1000.0,,760.0,,,,,,LOSS,801.39,15,-6.1,25.0
stock,2025-10-30,GFS,36.85,30.0,55.0,,28.0,,,,,,WIN,34.61,116,58.9,101.8
stock,2025-11-05,MSFT,511.0,485.0,600.0,,475.0,,,,,,LOSS,511.0,12,-7.6,-23.6
stock,2025-11-07,RTX,177.0,155.0,210.0,,150.0,,,,,,WIN,175.26,76,19.8,13.7
stock,2025-11-10,MP,64.0,50.0,120.0,,45.0,,,,,,OPEN,61.55,,-13.4,-13.4
stock,2025-11-10,XPEV,25.5,21.0,35.0,40.0,20.0,,,,,,LOSS,23.72,15,-17.1,-44.9
stock,2025-11-11,SCHW,96.6,90.0,120.0,,88.0,,,,,,LOSS,95.0,123,-7.5,2.1
stock,2025-11-18,NVDA,183.0,,215.0,,173.0,,,,,,LOSS,183.0,20,-6.6,6.5
stock,2025-11-19,BOTZ,34.0,30.0,44.0,,28.0,,,,,,OPEN,33.81,,10.6,10.6
stock,2025-11-20,QCOM,168.4,155.0,200.0,,152.0,,,,,,LOSS,167.13,47,-9.3,5.5
stock,2025-11-21,SIL,65.0,60.0,82.0,,58.0,,,,,,WIN,64.64,13,26.9,24.1
stock,2025-11-26,AMD,213.4,190.0,270.0,,185.0,,,,,,WIN,210.05,95,28.5,146.5
stock,2025-11-26,ALAB,153.0,130.0,200.0,,125.0,,,,,,LOSS,145.61,54,-15.1,179.1
stock,2025-12-01,NFLX,108.3,98.0,130.0,,94.0,,,,,,LOSS,106.51,7,-13.0,-27.1
stock,2025-12-01,MDB,332.0,310.0,400.0,,305.0,,,,,,WIN,326.43,1,22.5,8.7
stock,2025-12-03,CAT,581.0,540.0,700.0,,530.0,,,,,,WIN,581.0,41,20.5,65.8
stock,2025-12-04,NTLA,9.7,8.0,14.0,,7.8,,,,,,WIN,8.91,31,57.1,97.1
stock,2025-12-11,EOSE,15.5,12.0,22.0,28.0,11.0,,,,,,LOSS,14.56,42,-25.9,-64.1
stock,2025-12-30,INTC,37.8,34.0,55.0,,32.0,,,,,,WIN,36.91,67,49.0,226.1
stock,2026-01-02,SERV,10.9,9.9,16.0,,9.6,,,,,,WIN,10.81,4,48.0,-41.6
stock,2026-01-08,AFRM,81.7,74.0,110.0,,72.0,,,,,,LOSS,81.7,5,-12.1,3.5
stock,2026-01-09,RKT,22.3,20.0,33.0,,18.0,,,,,,LOSS,22.08,14,-18.8,-28.6
stock,2026-01-14,STCE,73.9,66.0,100.0,,64.0,,,,,,LOSS,73.21,12,-13.3,-9.9
stock,2026-01-14,AEP,118.2,112.0,134.0,,110.0,,,,,,WIN,116.99,30,14.5,18.4
stock,2026-01-22,GLTR,249.0,225.0,330.0,,220.0,,,,,,LOSS,245.52,39,-12.6,-24.1
stock,2026-01-23,MSFT,455.55,445.0,465.0,480.0,440.0,,,,,,WIN,451.87,0,2.9,-13.6
stock,2026-01-23,SCCO,179.7,170.0,210.0,,165.0,,,,,,WIN,175.73,4,19.5,-2.1
stock,2026-01-27,HACK,80.85,77.0,90.0,98.0,75.0,,,,,,LOSS,80.85,6,-7.9,32.3
stock,2026-01-27,TTWO,247.5,240.0,280.0,300.0,238.0,,,,,,LOSS,246.05,3,-10.5,3.6
stock,2026-01-27,FLNC,29.5,,60.0,,24.0,,,,,,LOSS,27.13,7,-30.2,-37.3
stock,2026-01-28,OCS,28.7,25.0,60.0,,23.0,,,,,,UNVERIFIABLE,,,,
stock,2026-01-29,TQQQ,53.5,48.0,66.0,,46.0,,,,,,LOSS,53.5,30,-14.1,37.1
stock,2026-02-09,BH,407.0,370.0,500.0,,360.0,,,,,,LOSS,407.0,14,-17.3,3.4
stock,2026-02-10,ARKG,29.55,27.0,44.0,,25.0,,,,,,LOSS,29.28,33,-15.2,46.6
stock,2026-02-13,ETHT,15.5,13.0,22.0,,12.5,,,,,,LOSS,14.48,74,-19.5,-40.3
stock,2026-02-13,COHR,222.0,204.0,300.0,,198.0,,,,,,WIN,222.0,12,35.1,50.2
stock,2026-02-23,AAPL,268.0,,300.0,,252.0,,,,,,LOSS,263.49,14,-5.1,17.1
stock,2026-03-03,IAU,95.9,90.0,105.0,,88.0,,,,,,LOSS,95.9,12,-8.9,-19.2
stock,2026-03-03,SPX,6800.0,,6880.0,,6770.0,,,,,,UNVERIFIABLE,,,,
stock,2026-03-04,ARKK,74.85,,90.0,,67.0,,,,,,LOSS,73.42,17,-12.0,10.7
stock,2026-03-04,AMAT,358.0,,450.0,,329.0,,,,,,LOSS,358.0,2,-9.3,68.4
stock,2026-03-10,TSM,348.0,325.0,400.0,450.0,318.0,,,,,,LOSS,348.0,14,-9.1,24.8
stock,2026-03-11,QQQ,611.0,607.0,616.0,622.0,605.0,,,,,,LOSS,608.95,1,-1.9,17.0
stock,2026-03-11,UNG,12.85,11.5,18.0,,11.0,,,,,,LOSS,12.55,20,-13.3,-7.7
stock,2026-03-11,CORZ,16.4,14.0,22.0,,13.5,,,,,,WIN,15.91,38,38.3,34.7
stock,2026-03-12,SKYY,112.2,104.0,126.0,,102.0,,,,,,WIN,112.2,36,12.3,20.2
stock,2026-03-13,SQQQ,73.7,68.0,82.0,,66.0,,,,,,WIN,73.47,9,11.6,-45.6
stock,2026-03-20,FCFS,192.0,,230.0,,175.0,,,,,,WIN,190.09,33,21.0,16.8
stock,2026-03-23,SILVER,68.1,62.0,84.0,,56.0,,,,,,UNVERIFIABLE,,,,
stock,2026-03-31,PANW,158.0,,180.0,,140.0,,,,,,WIN,155.03,15,16.1,124.5
stock,2026-04-06,JPM,296.0,,322.0,,282.0,,,,,,WIN,294.06,49,9.5,13.7
stock,2026-04-09,VIAV,41.89,35.0,66.0,85.0,33.0,,,,,,OPEN,41.87,,-0.5,-0.5
stock,2026-04-27,LMT,522.0,510.0,600.0,,490.0,,,,,,OPEN,514.05,,6.2,6.2
stock,2026-05-05,SWKS,71.0,,88.0,,62.0,,,,,,OPEN,68.94,,-9.3,-9.3
stock,2026-05-08,MSFT,416.0,,440.0,480.0,396.0,,,,,,WIN,416.0,14,5.8,-6.1
stock,2026-05-14,WALMART,131.85,126.0,149.0,,124.0,,,,,,UNVERIFIABLE,,,,
stock,2026-05-18,ASTS,84.5,72.0,110.0,140.0,68.0,,,,,,WIN,84.5,5,30.2,0.7
stock,2026-05-19,SNDK,1290.0,,2000.0,,1240.0,,,,,,WIN,1289.75,17,55.1,35.3
stock,2026-05-20,IREN,51.5,42.0,86.0,100.0,39.0,,,,,,LOSS,49.12,29,-21.0,-21.0
stock,2026-05-26,NVTS,31.0,24.0,45.0,,22.0,,,,,,LOSS,31.0,11,-33.9,-53.4
stock,2026-05-26,UFO,65.0,54.0,89.0,105.0,50.0,,,,,,LOSS,65.0,18,-25.0,-22.0
stock,2026-06-02,DE,545.0,528.0,620.0,,522.0,,,,,,NEVER_FILLED,,,,
stock,2026-06-03,COST,965.0,,1120.0,,920.0,,,,,,OPEN,952.88,,-0.1,-0.1
stock,2026-06-04,RTX,179.0,168.0,200.0,,165.0,,,,,,OPEN,176.54,,12.9,12.9
stock,2026-06-12,ARM,371.0,,500.0,,300.0,,,,,,OPEN,353.12,,-10.7,-10.7
stock,2026-06-15,PG,150.9,145.0,170.0,,142.0,,,,,,OPEN,148.76,,1.8,1.8
stock,2026-06-24,NBIX,167.8,,210.0,,156.0,,,,,,OPEN,163.43,,6.6,6.6
stock,2026-06-24,LRCX,375.0,,460.0,,340.0,,,,,,OPEN,366.87,,-4.2,-4.2
stock,2026-06-24,CIEN,476.0,,640.0,,410.0,,,,,,OPEN,449.36,,-6.0,-6.0
stock,2026-06-26,SPCX,154.8,,200.0,,135.0,,,,,,OPEN,150.62,,7.6,7.6
stock,2026-06-29,CNP,44.9,,60.0,,39.0,,,,,,OPEN,44.82,,-0.5,-0.5
stock,2026-06-29,TEM,56.75,,90.0,,46.0,,,,,,OPEN,56.75,,6.2,6.2
stock,2026-06-30,WDC,640.0,,1000.0,,535.0,,,,,,OPEN,632.44,,-14.8,-14.8
option,2023-06-20,IWM,,,3.0,,0.4,184.0,1.29,call,1,-0.6,AMBIGUOUS,,,,
option,2023-06-20,AEP,,,5.0,,0.7,85.0,2.1,call,31,0.5,AMBIGUOUS,,,,
option,2023-06-21,TQQQ,,,2.0,,0.25,39.0,1.0,call,2,100.8,EXPIRED_WORTHLESS,,,,
option,2023-06-22,QQQ,,,8.0,,1.2,360.0,4.43,call,1,-1.7,AMBIGUOUS,,,,
option,2023-06-26,IWM,,,4.0,,0.55,180.0,2.08,call,2,-0.4,TARGET_REACHABLE,,,,
option,2023-06-27,DIA,,,6.0,,0.9,335.0,3.0,call,3,-1.2,TARGET_REACHABLE,,,,
option,2023-06-28,QQQ,,,8.0,,1.1,360.0,5.04,call,2,-1.2,TARGET_REACHABLE,,,,
option,2023-06-28,TQQQ,,,4.0,,0.6,38.0,2.08,call,2,92.4,EXPIRED_WORTHLESS,,,,
option,2023-06-28,SYM,,,8.0,,0.9,40.0,3.8,call,23,-4.4,TARGET_REACHABLE,,,,
option,2023-06-28,OMER,,,,,,5.0,0.8,call,23,-12.4,AMBIGUOUS,,,,
option,2023-06-29,IWM,,,7.0,,0.8,184.0,3.3,call,4,-1.3,AMBIGUOUS,,,,
option,2023-07-05,TQQQ,,,5.0,,0.5,39.0,2.75,call,2,89.1,EXPIRED_WORTHLESS,,,,
option,2023-07-05,DIA,,,7.0,,,340.0,3.7,call,2,-0.8,LIKELY_LOSS,,,,
option,2023-07-05,CRM,,,15.0,,1.1,210.0,8.0,call,23,-1.8,TARGET_REACHABLE,,,,
option,2023-07-07,SPY,,,2.0,,,444.0,0.39,call,4,1.2,EXPIRED_WORTHLESS,,,,
option,2023-07-07,WAB,,,4.9,,0.4,115.0,1.27,call,42,4.9,PROFIT_LIKELY,,,,
option,2023-07-07,VRRM,,,2.0,,,20.0,0.71,call,42,1.1,PROFIT_LIKELY,,,,
option,2023-07-10,MU,,,8.0,,0.9,60.0,3.98,call,25,-4.0,TARGET_REACHABLE,,,,
option,2023-07-13,BLNK,,,1.0,,,8.0,0.3,call,29,17.1,EXPIRED_WORTHLESS,,,,
option,2023-07-13,PLUG,,,3.0,,,15.0,0.5,call,29,21.4,EXPIRED_WORTHLESS,,,,
option,2023-07-14,QQQ,,,2.0,,,385.0,0.6,call,3,1.6,EXPIRED_WORTHLESS,,,,
option,2023-07-17,SPY,,,1.25,,,454.0,0.25,call,2,0.7,TARGET_REACHABLE,,,,
option,2023-07-18,QQQ,,,3.0,,0.3,386.0,1.0,call,2,0.1,LIKELY_LOSS,,,,
option,2023-07-18,UNG,,,1.0,,,7.0,0.24,call,10,-75.0,TARGET_REACHABLE,,,,
option,2023-07-19,IWM,,,1.0,,,200.0,0.3,call,2,1.6,EXPIRED_WORTHLESS,,,,
option,2023-07-20,SPY,,,2.0,,,458.0,0.5,call,4,1.3,EXPIRED_WORTHLESS,,,,
option,2023-08-14,CNC,,,4.0,,0.69,67.5,1.8,call,32,1.0,AMBIGUOUS,,,,
option,2023-08-23,GLD,,,6.0,,0.8,178.0,2.85,call,30,0.1,AMBIGUOUS,,,,
option,2023-08-28,UNG,,,3.0,,,6.0,1.15,call,18,-78.1,TARGET_REACHABLE,,,,
option,2023-09-06,DIA,,,5.0,,0.9,345.0,2.5,call,9,0.0,TARGET_REACHABLE,,,,
option,2023-09-07,UCO,,,,,0.45,35.0,1.75,put,15,-1.9,EXPIRED_WORTHLESS,,,,
option,2023-09-12,QQQ,,,4.0,,0.5,376.0,1.6,call,2,0.9,AMBIGUOUS,,,,
option,2023-11-03,DIA,,,4.0,,0.6,342.0,1.7,call,7,0.4,AMBIGUOUS,,,,
option,2023-11-24,RIVN,,,4.0,,0.6,15.0,1.9,call,21,-8.7,TARGET_REACHABLE,,,,
option,2023-12-04,SPY,,,,,,457.0,0.59,call,1,0.1,PROFIT_LIKELY,,,,
option,2023-12-05,QQQ,,,,,,388.0,0.76,call,1,0.2,PROFIT_LIKELY,,,,
option,2023-12-06,TQQQ,,,2.0,,,43.0,0.9,call,2,102.3,EXPIRED_WORTHLESS,,,,
option,2023-12-07,SPY,,,,,,460.0,0.65,call,1,0.4,AMBIGUOUS,,,,
option,2023-12-08,BA,,,11.0,,1.6,240.0,4.9,call,7,-1.9,TARGET_REACHABLE,,,,
option,2023-12-14,CHPT,,,,,,3.0,0.22,call,15,-94.8,PROFIT_LIKELY,,,,
option,2023-12-15,SYM,,,,,,55.0,4.5,call,35,2.9,EXPIRED_WORTHLESS,,,,
option,2023-12-19,MLI,,,,,,45.0,2.3,call,31,92.7,EXPIRED_WORTHLESS,,,,
option,2023-12-19,GOTU,,,,,,4.0,0.5,call,31,1.3,EXPIRED_WORTHLESS,,,,
option,2023-12-20,CVS,,,,,,78.0,1.08,call,9,1.0,AMBIGUOUS,,,,
option,2023-12-21,IWM,,,,,,202.0,0.45,call,1,1.2,LIKELY_LOSS,,,,
option,2023-12-22,GNE,,,,,,30.0,1.4,call,28,1.7,EXPIRED_WORTHLESS,,,,
option,2023-12-26,FDX,,,,,,260.0,1.55,call,10,28.0,EXPIRED_WORTHLESS,,,,
option,2023-12-26,BIRK,,,,,,47.5,1.75,call,10,-3.1,PROFIT_LIKELY,,,,
option,2023-12-27,DIA,,,,,,378.0,0.63,call,2,0.4,EXPIRED_WORTHLESS,,,,
option,2023-12-27,IWM,,,,,,205.0,0.18,call,,,UNVERIFIABLE,,,,
option,2023-12-28,ALK,,,,,,40.0,1.3,call,22,0.2,EXPIRED_WORTHLESS,,,,
option,2023-12-28,AAL,,,,,,14.0,0.5,call,15,0.1,LIKELY_LOSS,,,,
option,2023-12-29,SPY,,,,,,478.0,0.4,call,4,0.6,EXPIRED_WORTHLESS,,,,
option,2024-01-02,DIA,,,,,,379.0,0.9,call,3,0.5,EXPIRED_WORTHLESS,,,,
option,2024-01-02,VZ,,,,,,39.0,0.38,call,10,0.3,PROFIT_LIKELY,,,,
option,2024-01-02,UP,,,,,,2.5,1.6,call,,,UNVERIFIABLE,,,,
option,2024-01-02,AMC,,,,,,6.0,0.5,call,17,-1.8,EXPIRED_WORTHLESS,,,,
option,2024-01-03,DIA,,,2.0,,0.7,376.0,1.1,call,2,0.5,LIKELY_LOSS,,,,
option,2024-01-04,PLTR,,,,,,16.5,0.65,call,15,1.5,AMBIGUOUS,,,,
option,2024-01-08,JBL,,,,,,130.0,1.7,call,11,1.2,EXPIRED_WORTHLESS,,,,
option,2024-01-09,TSLA,,,6.0,,2.9,235.0,3.9,call,3,0.0,LIKELY_LOSS,,,,
option,2024-01-09,UCO,,,4.0,,0.6,26.0,1.7,call,17,-1.0,TARGET_REACHABLE,,,,
option,2024-01-10,TQQQ,,,1.2,,0.4,49.5,0.78,call,2,97.8,EXPIRED_WORTHLESS,,,,
option,2024-01-11,QQQ,,,2.0,,0.6,405.0,1.15,call,0,-1.1,TARGET_REACHABLE,,,,
option,2024-01-12,DIA,,,3.0,,0.8,376.0,1.67,call,7,0.0,TARGET_REACHABLE,,,,
option,2024-01-19,QQQ,,,2.0,,0.3,416.0,1.02,call,,,UNVERIFIABLE,,,,
option,2024-01-23,DIA,,,4.0,,0.9,378.0,1.86,call,3,-0.3,TARGET_REACHABLE,,,,
option,2024-01-25,IWM,,,2.0,,0.3,196.0,0.9,call,1,0.0,PROFIT_LIKELY,,,,
option,2024-01-29,IWM,,,1.0,,,197.0,0.36,call,,,UNVERIFIABLE,,,,
option,2024-02-01,TQQQ,,,1.8,,0.3,53.5,0.8,call,1,96.3,EXPIRED_WORTHLESS,,,,
option,2024-02-02,DIA,,,4.0,,0.5,386.0,1.8,call,7,-0.1,AMBIGUOUS,,,,
option,2024-02-06,IWM,,,1.2,,,195.0,0.55,call,1,0.7,EXPIRED_WORTHLESS,,,,
option,2024-02-13,QQQ,,,4.0,,0.6,430.0,2.1,call,1,0.3,AMBIGUOUS,,,,
option,2024-02-13,IWM,,,2.0,,0.4,197.0,1.2,call,1,1.2,TARGET_REACHABLE,,,,
option,2024-02-15,SPY,,,2.0,,,502.0,0.8,call,1,-0.0,LIKELY_LOSS,,,,
option,2024-02-20,QQQ,,,4.0,,0.7,428.0,2.0,call,1,0.2,LIKELY_LOSS,,,,
option,2024-05-13,DIA,,,,,,398.0,0.95,call,4,0.9,PROFIT_LIKELY,,,,
option,2024-05-17,PSX,,,,,,150.0,3.5,call,42,2.0,EXPIRED_WORTHLESS,,,,
option,2024-05-28,SPY,,,,,,530.0,1.15,call,1,0.0,EXPIRED_WORTHLESS,,,,
option,2024-06-27,SPY,,,2.0,,,548.0,0.74,call,1,0.3,TARGET_REACHABLE,,,,
option,2024-07-03,IWM,,,,,,204.0,0.4,call,5,1.1,EXPIRED_WORTHLESS,,,,
option,2024-07-16,AAL,,,,,,11.0,0.85,call,66,-1.7,AMBIGUOUS,,,,
option,2024-07-17,QSR,,,,,,77.5,1.4,call,30,3.4,EXPIRED_WORTHLESS,,,,
option,2024-07-22,UNG,,,,,,15.0,1.15,call,39,-0.1,EXPIRED_WORTHLESS,,,,
option,2024-10-14,PAYX,,,,,,150.0,0.5,call,,,UNVERIFIABLE,,,,
option,2024-10-14,ETN,,,,,,390.0,1.3,call,32,12.8,EXPIRED_WORTHLESS,,,,
option,2024-10-15,DIA,,,3.0,,0.5,430.0,1.6,call,,,UNVERIFIABLE,,,,
option,2024-10-15,WMT,,,,,,85.0,1.5,call,45,4.1,PROFIT_LIKELY,,,,
option,2024-10-15,UNG,,,1.0,,0.2,14.0,0.44,call,3,-0.1,EXPIRED_WORTHLESS,,,,
option,2024-10-16,HON,,,,,,235.0,0.9,call,44,8.6,PROFIT_LIKELY,,,,
option,2024-10-16,SMCI,,,3.0,,0.5,50.5,1.3,call,2,3.6,EXPIRED_WORTHLESS,,,,
option,2024-10-17,WFC,,,,,,70.0,0.5,call,43,8.7,PROFIT_LIKELY,,,,
option,2024-10-18,DIA,,,2.5,,,436.0,0.95,call,7,0.8,EXPIRED_WORTHLESS,,,,
option,2024-11-08,TRV,,,,,,270.0,2.0,call,42,5.1,EXPIRED_WORTHLESS,,,,
option,2024-11-08,GE,,,,,,190.0,1.9,call,21,2.8,EXPIRED_WORTHLESS,,,,
option,2024-11-11,SCHW,,,,,,82.0,0.5,call,18,5.3,PROFIT_LIKELY,,,,
option,2024-11-12,MNST,,,,,,58.0,0.6,call,17,3.5,EXPIRED_WORTHLESS,,,,
option,2024-11-13,GS,,,,,,650.0,1.65,call,23,9.4,EXPIRED_WORTHLESS,,,,
option,2024-11-13,WBD,,,,,,9.5,0.56,call,23,-2.3,PROFIT_LIKELY,,,,
option,2024-11-21,IBM,,,,,,227.5,1.9,call,29,2.3,PROFIT_LIKELY,,,,
option,2024-11-22,MRNA,,,2.0,,,44.0,0.6,call,7,7.0,TARGET_REACHABLE,,,,
option,2024-11-25,ABBV,,,,,,187.5,1.25,call,25,5.9,EXPIRED_WORTHLESS,,,,
option,2024-11-26,MSFT,,,4.0,,,432.5,1.95,call,10,1.1,TARGET_REACHABLE,,,,
option,2024-11-26,AMZN,,,2.5,,,215.0,1.18,call,10,3.4,TARGET_REACHABLE,,,,
option,2024-11-27,JNJ,,,,,,155.0,2.05,call,9,-0.3,EXPIRED_WORTHLESS,,,,
option,2024-11-29,SIRI,,,,,,28.0,0.6,call,14,3.9,LIKELY_LOSS,,,,
option,2024-12-04,ZM,,,1.0,,,89.0,0.3,call,9,6.4,EXPIRED_WORTHLESS,,,,
option,2024-12-05,UNG,,,2.0,,,14.0,0.6,call,22,5.1,TARGET_REACHABLE,,,,
option,2024-12-06,NKE,,,4.0,,,88.0,1.0,call,14,11.5,EXPIRED_WORTHLESS,,,,
option,2024-12-06,WMT,,,,,,98.0,0.29,call,7,2.4,EXPIRED_WORTHLESS,,,,
option,2024-12-06,HOOD,,,2.0,,,48.0,0.55,call,14,15.2,EXPIRED_WORTHLESS,,,,
option,2024-12-11,CTAS,,,,,,235.0,1.5,call,37,11.4,EXPIRED_WORTHLESS,,,,
option,2024-12-11,CAG,,,1.0,,,29.0,0.35,call,16,4.6,EXPIRED_WORTHLESS,,,,
option,2024-12-13,COST,,,80.0,,,1100.0,20.0,call,,,UNVERIFIABLE,,,,
option,2024-12-16,GOOGL,,,,,,200.0,1.85,call,11,1.7,EXPIRED_WORTHLESS,,,,
option,2024-12-17,CTSH,,,,,,87.5,0.3,call,,,UNVERIFIABLE,,,,
option,2024-12-17,AMD,,,,,,130.0,1.9,call,10,4.0,EXPIRED_WORTHLESS,,,,
option,2024-12-18,BA,,,,,,180.0,2.0,call,9,4.3,AMBIGUOUS,,,,
option,2024-12-20,GOOGL,,,,,,197.5,0.85,call,7,3.2,EXPIRED_WORTHLESS,,,,
option,2024-12-24,BRK.B,,,,,,480.0,2.15,call,,,UNVERIFIABLE,,,,
option,2024-12-26,ABNB,,,,,,140.0,1.6,call,15,3.5,EXPIRED_WORTHLESS,,,,
option,2025-01-06,FUBO,,,,,,4.0,0.9,call,25,-93.4,PROFIT_LIKELY,,,,
option,2025-01-17,URA,,,,,,28.0,1.4,call,42,-0.1,PROFIT_LIKELY,,,,
option,2025-01-17,VZ,,,,,,38.0,1.75,call,42,-2.0,PROFIT_LIKELY,,,,
option,2025-01-17,AMC,,,,,,4.0,0.13,call,7,14.3,EXPIRED_WORTHLESS,,,,
option,2025-01-17,CF,,,,,,98.0,1.0,call,7,1.0,EXPIRED_WORTHLESS,,,,
option,2025-01-17,IWM,,,,,,228.0,0.48,call,4,1.1,PROFIT_LIKELY,,,,
option,2025-01-21,UPS,,,,,,140.0,1.9,call,38,5.4,EXPIRED_WORTHLESS,,,,
option,2025-01-21,GEHC,,,,,,92.0,1.5,call,38,5.3,LIKELY_LOSS,,,,
option,2025-01-23,JNJ,,,,,,150.0,1.75,call,36,2.3,PROFIT_LIKELY,,,,
option,2025-01-24,JD,,,,,,45.0,0.98,call,35,10.5,EXPIRED_WORTHLESS,,,,
option,2025-01-27,DIA,,,3.0,,0.5,448.0,1.5,call,4,0.2,LIKELY_LOSS,,,,
option,2025-01-27,IWM,,,1.9,,0.7,229.0,1.08,call,2,1.1,EXPIRED_WORTHLESS,,,,
option,2025-01-28,SPY,,,3.0,,0.7,604.0,1.3,call,1,-0.1,LIKELY_LOSS,,,,
option,2025-01-28,TTD,,,,,,130.0,5.5,call,31,7.8,EXPIRED_WORTHLESS,,,,
option,2025-01-30,UPS,,,,,,118.0,1.3,call,15,2.7,EXPIRED_WORTHLESS,,,,
option,2025-01-31,ADI,,,,,,222.5,2.6,call,14,5.0,EXPIRED_WORTHLESS,,,,
option,2025-01-31,JNJ,,,3.2,,0.65,152.5,1.36,call,7,0.2,AMBIGUOUS,,,,
option,2025-02-05,GOOGL,,,,,,192.5,1.65,call,2,0.6,EXPIRED_WORTHLESS,,,,
option,2025-02-06,UBER,,,,,,70.0,1.9,call,22,0.0,PROFIT_LIKELY,,,,
option,2025-02-06,TSLA,,,,,,380.0,14.4,call,22,1.5,EXPIRED_WORTHLESS,,,,
option,2025-02-18,TXN,,,,,,190.0,4.6,call,38,1.9,PROFIT_LIKELY,,,,
option,2025-02-19,MRNA,,,,,,40.0,2.15,call,37,11.4,EXPIRED_WORTHLESS,,,,
option,2025-02-21,EXC,,,,,,44.0,0.4,call,28,1.4,PROFIT_LIKELY,,,,
option,2025-03-03,SPX,,,15.0,,,5980.0,6.0,call,,,UNVERIFIABLE,,,,
option,2025-03-07,VZ,,,,,,46.0,0.92,call,21,-0.1,LIKELY_LOSS,,,,
option,2025-03-07,BKR,,,,,,45.0,1.1,call,41,4.9,EXPIRED_WORTHLESS,,,,
option,2025-03-10,ILMN,,,,,,95.0,1.6,call,18,10.5,EXPIRED_WORTHLESS,,,,
option,2025-03-19,WBD,,,,,,11.0,0.11,call,2,0.7,EXPIRED_WORTHLESS,,,,
option,2025-03-19,SONY,,,,,,25.0,0.9,call,37,0.1,EXPIRED_WORTHLESS,,,,
option,2025-04-09,SPY,,,,,,550.0,2.75,call,21,0.3,PROFIT_LIKELY,,,,
option,2025-05-02,SNAP,,,1.4,,,8.0,0.45,call,14,-5.3,PROFIT_LIKELY,,,,
option,2025-05-05,CB,,,10.0,,,305.0,2.4,call,46,6.0,EXPIRED_WORTHLESS,,,,
option,2025-05-06,TMUS,,,5.0,,,270.0,1.2,call,31,6.4,EXPIRED_WORTHLESS,,,,
option,2025-05-07,TXN,,,6.0,,,175.0,1.55,call,23,6.2,TARGET_REACHABLE,,,,
option,2025-05-13,DDOG,,,8.0,,,125.0,1.0,call,17,6.6,EXPIRED_WORTHLESS,,,,
option,2025-05-16,JNJ,,,,,,155.0,1.15,call,28,2.4,PROFIT_LIKELY,,,,
option,2025-05-16,CONL,,,6.0,,,40.0,1.7,call,35,38.4,EXPIRED_WORTHLESS,,,,
option,2025-05-19,QBTS,,,,,,20.0,1.1,call,60,52.1,EXPIRED_WORTHLESS,,,,
option,2025-05-19,TQQQ,,,2.0,,,77.0,0.93,call,11,115.0,EXPIRED_WORTHLESS,,,,
option,2025-05-20,MNMD,,,4.0,,,7.0,1.05,call,,,UNVERIFIABLE,,,,
option,2025-05-20,ARKK,,,6.0,,,59.0,2.35,call,38,2.7,TARGET_REACHABLE,,,,
option,2025-05-21,QQQ,,,3.0,,,522.0,1.44,call,1,1.7,EXPIRED_WORTHLESS,,,,
option,2025-05-21,CLSK,,,2.0,,,10.0,0.8,call,16,-1.1,LIKELY_LOSS,,,,
option,2025-05-22,QQQ,,,2.75,,,520.0,1.3,call,1,1.2,EXPIRED_WORTHLESS,,,,
option,2025-05-27,MCHP,,,6.0,,0.8,70.0,1.7,call,80,19.3,TARGET_REACHABLE,,,,
option,2025-05-28,SPY,,,2.2,,,595.0,1.25,call,1,1.2,EXPIRED_WORTHLESS,,,,
option,2025-06-03,UBER,,,22.0,,3.5,90.0,7.5,call,199,9.1,LIKELY_LOSS,,,,
option,2025-06-05,ORCL,,,10.0,,,200.0,2.6,call,71,16.9,TARGET_REACHABLE,,,,
option,2025-06-10,SPY,,,2.0,,,604.0,1.15,call,1,0.2,EXPIRED_WORTHLESS,,,,
option,2025-06-11,SMCI,,,20.0,,,50.0,8.6,call,219,15.7,LIKELY_LOSS,,,,
option,2025-06-11,SMCI,,,10.0,,,50.0,3.4,call,65,15.7,TARGET_REACHABLE,,,,
option,2025-06-11,ALAB,,,10.0,,,110.0,3.3,call,44,16.4,TARGET_REACHABLE,,,,
option,2025-06-12,MDB,,,12.0,,,225.0,4.0,call,15,6.8,EXPIRED_WORTHLESS,,,,
option,2025-06-12,BEN,,,5.0,,,21.0,1.7,call,36,-7.1,PROFIT_LIKELY,,,,
option,2025-06-16,APG,,,6.0,,,55.0,1.6,call,,,UNVERIFIABLE,,,,
option,2025-06-20,HEI,,,40.0,,9.0,330.0,17.2,call,,,UNVERIFIABLE,,,,
option,2025-06-20,IBIT,,,12.0,,2.0,70.0,5.0,call,,,UNVERIFIABLE,,,,
option,2025-06-25,CORZ,,,1.5,,,11.0,0.35,put,30,10.6,EXPIRED_WORTHLESS,,,,
option,2025-06-26,ETHA,,,4.0,,,19.0,1.2,call,29,2.9,TARGET_REACHABLE,,,,
option,2025-06-30,MA,,,40.0,,,600.0,21.0,call,,,UNVERIFIABLE,,,,
option,2025-07-14,XME,,,10.0,,,80.0,2.65,call,,,UNVERIFIABLE,,,,
option,2025-07-18,APH,,,10.0,,,110.0,3.8,call,,,UNVERIFIABLE,,,,
option,2025-07-21,ZETA,,,10.0,,,15.0,2.5,call,,,UNVERIFIABLE,,,,
option,2025-07-22,BULL,,,10.0,,,15.0,3.55,call,,,UNVERIFIABLE,,,,
option,2025-07-22,XLY,,,15.0,,,225.0,5.4,call,,,UNVERIFIABLE,,,,
option,2025-07-30,MU,,,10.0,,,130.0,4.0,call,,,UNVERIFIABLE,,,,
option,2025-07-30,VIRT,,,5.0,,,46.0,1.5,call,,,UNVERIFIABLE,,,,
option,2025-07-31,DIA,,,3.0,,,450.0,1.26,call,8,2.0,EXPIRED_WORTHLESS,,,,
option,2025-08-05,ABNB,,,10.0,,,150.0,2.5,call,,,UNVERIFIABLE,,,,
option,2025-08-11,ARKK,,,10.0,,,80.0,3.65,call,,,UNVERIFIABLE,,,,
option,2025-08-12,RKT,,,,,,20.0,1.0,call,,,UNVERIFIABLE,,,,
option,2025-08-13,ALB,,,6.0,,,95.0,2.2,call,,,UNVERIFIABLE,,,,
option,2025-08-20,SPY,,,4.0,,,640.0,1.9,call,2,0.3,TARGET_REACHABLE,,,,
option,2025-08-26,HUT,,,6.0,,,27.0,2.3,call,31,4.2,TARGET_REACHABLE,,,,
option,2025-08-27,CIBR,,,5.0,,,74.0,1.55,call,51,1.2,PROFIT_LIKELY,,,,
option,2025-08-28,TTD,,,8.0,,,60.0,1.9,call,50,8.4,EXPIRED_WORTHLESS,,,,
option,2025-08-28,SOUN,,,,,,12.0,1.65,call,,,UNVERIFIABLE,,,,
option,2025-09-04,DELL,,,10.0,,,140.0,3.2,call,78,10.5,TARGET_REACHABLE,,,,
option,2025-09-04,BE,,,15.0,,,60.0,7.2,call,78,9.3,TARGET_REACHABLE,,,,
option,2025-09-04,TXN,,,20.0,,,200.0,6.3,call,78,6.8,EXPIRED_WORTHLESS,,,,
option,2025-09-05,TQQQ,,,8.0,,,91.0,4.2,call,21,98.2,EXPIRED_WORTHLESS,,,,
option,2025-09-08,BUG,,,5.0,,,33.0,1.8,call,,,UNVERIFIABLE,,,,
option,2025-09-10,MRNA,,,6.0,,,24.0,2.95,call,,,UNVERIFIABLE,,,,
option,2025-09-11,WLDN,,,10.0,,,100.0,5.0,call,,,UNVERIFIABLE,,,,
option,2025-09-11,BRK.B,,,6.0,,,500.0,2.7,call,,,UNVERIFIABLE,,,,
option,2025-09-11,S,,,3.0,,,17.0,1.5,call,8,-7.9,AMBIGUOUS,,,,
option,2025-09-11,DIA,,,4.0,,,465.0,1.7,call,8,0.7,EXPIRED_WORTHLESS,,,,
option,2025-09-12,WFC,,,2.0,,,82.0,0.76,call,7,0.7,TARGET_REACHABLE,,,,
option,2025-09-16,CENX,,,6.0,,,28.0,2.4,call,,,UNVERIFIABLE,,,,
option,2025-09-16,DK,,,8.0,,,32.5,2.9,call,,,UNVERIFIABLE,,,,
option,2025-09-22,IBIT,,,6.0,,,66.0,3.8,call,,,UNVERIFIABLE,,,,
option,2025-09-26,ETHA,,,5.0,,,32.0,2.0,call,35,5.1,PROFIT_LIKELY,,,,
option,2025-09-29,DDOG,,,20.0,,,150.0,9.0,call,81,3.3,TARGET_REACHABLE,,,,
option,2025-09-29,DIS,,,10.0,,,120.0,3.6,call,81,4.5,EXPIRED_WORTHLESS,,,,
option,2025-10-06,LAC,,,4.0,,,10.0,1.3,call,,,UNVERIFIABLE,,,,
option,2025-10-08,CONL,,,12.0,,,60.0,5.8,call,,,UNVERIFIABLE,,,,
option,2025-10-08,TMQ,,,4.0,,,9.0,1.2,call,,,UNVERIFIABLE,,,,
option,2025-10-09,SOLT,,,6.0,,,30.0,3.7,call,,,UNVERIFIABLE,,,,
option,2025-10-13,DIA,,,4.0,,,464.0,1.78,call,4,0.7,LIKELY_LOSS,,,,
option,2025-10-13,NNE,,,15.0,,,75.0,5.5,call,,,UNVERIFIABLE,,,,
option,2025-10-14,AEO,,,4.0,,,18.0,1.0,call,66,13.6,TARGET_REACHABLE,,,,
option,2025-10-15,DELL,,,15.0,,,170.0,8.2,call,65,10.6,EXPIRED_WORTHLESS,,,,
option,2025-10-23,IONQ,,,15.0,,,72.0,6.0,call,36,21.3,EXPIRED_WORTHLESS,,,,
option,2025-10-27,DOW,,,5.0,,,25.0,1.85,call,32,-2.8,EXPIRED_WORTHLESS,,,,
option,2025-10-31,ORCL,,,30.0,,6.0,280.0,16.0,call,,,UNVERIFIABLE,,,,
option,2025-10-31,QQQ,,,8.0,,3.0,626.0,5.0,call,,,UNVERIFIABLE,,,,
option,2025-11-11,SPX,,,4.0,,,6855.0,1.6,call,,,UNVERIFIABLE,,,,
option,2025-11-17,QQQ,,,5.0,,,615.0,2.5,call,1,1.9,EXPIRED_WORTHLESS,,,,
option,2025-11-24,SPY,,,1.25,,,665.0,0.5,put,,,UNVERIFIABLE,,,,
option,2025-12-03,NVDA,,,8.0,,,190.0,3.75,call,,,UNVERIFIABLE,,,,
option,2025-12-04,NTLA,,,4.0,,,9.0,1.4,call,43,-7.6,PROFIT_LIKELY,,,,
option,2025-12-05,QQQ,,,1.5,,,626.0,0.8,call,,,UNVERIFIABLE,,,,
option,2025-12-08,SMCI,,,2.0,,,37.0,0.6,call,4,4.6,EXPIRED_WORTHLESS,,,,
option,2025-12-09,HOOD,,,4.0,,,144.0,1.7,call,3,6.1,EXPIRED_WORTHLESS,,,,
option,2025-12-12,QQQ,,,,,,618.0,0.4,call,,,UNVERIFIABLE,,,,
option,2025-12-16,IBIT,,,2.0,,,51.0,0.9,call,,,UNVERIFIABLE,,,,
option,2025-12-18,KTOS,,,4.0,,,75.0,0.75,call,8,5.0,TARGET_REACHABLE,,,,
option,2025-12-18,NVDA,,,4.0,,,180.0,1.55,call,8,3.4,TARGET_REACHABLE,,,,
option,2025-12-18,SOFI,,,1.0,,,28.0,0.2,call,8,6.5,EXPIRED_WORTHLESS,,,,
option,2025-12-19,LYFT,,,1.0,,,19.5,0.3,call,,,UNVERIFIABLE,,,,
option,2025-12-22,GLXY,,,2.5,,,25.0,0.8,call,,,UNVERIFIABLE,,,,
option,2025-12-22,SNOW,,,8.0,,,230.0,3.1,call,,,UNVERIFIABLE,,,,
option,2025-12-22,XLF,,,2.0,,,56.0,0.8,call,,,UNVERIFIABLE,,,,
option,2025-12-26,SPY,,,1.0,,,692.0,0.2,call,,,UNVERIFIABLE,,,,
option,2026-01-06,AMKR,,,10.0,,,50.0,4.8,call,45,-2.5,LIKELY_LOSS,,,,
option,2026-01-07,PRMB,,,3.0,,,17.5,1.4,call,44,2.2,AMBIGUOUS,,,,
option,2026-01-09,RKT,,,2.0,,,23.0,0.94,call,,,UNVERIFIABLE,,,,
option,2026-01-16,CIFR,,,3.0,,,20.0,1.25,call,,,UNVERIFIABLE,,,,
option,2026-01-22,DXCM,,,4.0,,,75.0,2.2,call,,,UNVERIFIABLE,,,,
option,2026-01-23,PATH,,,1.5,,,16.0,0.5,call,,,UNVERIFIABLE,,,,
option,2026-01-30,IAU,,,5.0,,,100.0,1.7,call,,,UNVERIFIABLE,,,,
option,2026-05-01,SPDR,,,8.0,,,496.0,3.85,call,,,UNVERIFIABLE,,,,
option,2026-05-08,SNPS,,,25.0,,,512.5,11.5,call,7,-0.8,EXPIRED_WORTHLESS,,,,
